age,gender,family_size,restaurant_rating,delivery_rating,demand,delivery_time,order_value,marital_status_Prefer not to say,marital_status_Single,occupation_House wife,occupation_Self Employeed,occupation_Student,educational_qualifications_Ph.D,educational_qualifications_Post Graduate,educational_qualifications_School,educational_qualifications_Uneducated,frequently_used_medium_Food delivery apps,frequently_used_medium_Walk-in,frequently_used_medium_Web browser,frequently_ordered_meal_category_Dinner,frequently_ordered_meal_category_Lunch,frequently_ordered_meal_category_Snacks,perference_Non Veg foods (Lunch / Dinner),perference_Sweets,perference_Veg foods (Breakfast / Lunch / Dinner),maximum_wait_time_30 minutes,maximum_wait_time_45 minutes,maximum_wait_time_60 minutes,maximum_wait_time_More than 60 minutes,influence_of_rating_No,influence_of_rating_Yes
20,0,4,1,1,150,45,1,False,True,False,False,True,False,True,False,False,True,False,False,False,False,False,True,False,False,True,False,False,False,False,True
24,0,3,1,1,32,61,3,False,True,False,False,True,False,False,False,False,True,False,False,False,False,True,True,False,False,True,False,False,False,False,True
22,1,3,3,5,193,19,1,False,True,False,False,True,False,True,False,False,True,False,False,False,True,False,True,False,False,False,True,False,False,False,True
22,0,6,2,4,60,44,1,False,True,False,False,True,False,False,False,False,True,False,False,False,False,True,False,False,True,True,False,False,False,False,True
22,1,4,3,1,234,24,3,False,True,False,False,True,False,True,False,False,False,True,False,False,True,False,True,False,False,True,False,False,False,False,True
27,0,2,2,4,55,39,3,False,False,False,False,False,False,True,False,False,True,False,False,False,True,False,True,False,False,False,True,False,False,False,True
22,1,3,5,2,77,18,1,False,True,False,False,True,False,False,False,False,True,False,False,False,True,False,True,False,False,False,True,False,False,False,True
24,0,3,5,1,172,56,1,False,True,False,False,True,False,True,False,False,True,False,False,True,False,False,True,False,False,False,True,False,False,False,False
23,0,2,3,3,224,20,1,False,True,False,False,True,False,True,False,False,True,False,False,True,False,False,True,False,False,True,False,False,False,False,False
23,0,4,1,5,165,17,1,False,True,False,False,True,False,True,False,False,True,False,False,False,True,False,True,False,False,False,True,False,False,False,True
22,0,5,4,4,225,52,3,False,True,False,False,True,False,True,False,False,True,False,False,False,False,True,True,False,False,False,True,False,False,False,True
23,1,2,3,2,27,42,3,False,True,False,False,True,False,True,False,False,True,False,False,False,True,False,True,False,False,False,True,False,False,False,True
23,1,5,3,2,103,46,1,False,True,False,False,True,False,True,False,False,False,True,False,False,False,True,True,False,False,True,False,False,False,False,False
21,1,4,3,2,233,44,1,False,True,False,False,True,False,False,False,False,False,True,False,True,False,False,True,False,False,True,False,False,False,False,True
23,0,5,1,4,54,27,3,False,True,False,True,False,False,True,False,False,True,False,False,False,False,True,True,False,False,False,True,False,False,False,True
24,0,6,5,3,210,51,3,False,True,False,False,True,False,True,False,False,True,False,False,False,True,False,True,False,False,True,False,False,False,False,True
28,0,2,3,1,30,40,3,False,True,False,False,False,False,True,False,False,False,True,False,True,False,False,False,False,True,False,False,True,False,True,False
23,0,3,2,5,163,17,3,False,True,False,False,True,False,False,False,False,True,False,False,False,True,False,True,False,False,False,True,False,False,False,True
25,1,4,3,4,167,24,1,False,True,False,False,True,False,False,False,False,True,False,False,False,True,False,True,False,False,False,True,False,False,False,True
21,0,1,5,5,75,43,2,False,True,False,False,True,False,True,False,False,True,False,False,True,False,False,False,False,True,False,True,False,False,False,True
24,1,3,2,5,49,72,2,False,True,False,False,True,False,True,False,False,True,False,False,True,False,False,True,False,False,False,False,False,True,False,True
22,1,4,3,1,81,30,1,False,True,False,False,True,False,True,False,False,True,False,False,False,False,True,True,False,False,False,True,False,False,False,True
22,0,4,4,4,26,20,1,False,True,False,False,True,False,False,False,False,True,False,False,True,False,False,True,False,False,False,True,False,False,False,True
23,1,4,4,3,71,13,1,False,True,False,False,True,False,False,False,False,True,False,False,False,True,False,False,False,True,True,False,False,False,False,True
21,1,3,1,3,115,40,1,False,True,False,False,True,False,True,False,False,False,True,False,False,False,False,True,False,False,False,True,False,False,False,False
25,1,3,4,3,68,32,2,False,True,False,False,True,False,True,False,False,False,True,False,True,False,False,False,False,True,True,False,False,False,False,True
22,0,5,3,4,143,20,3,False,True,False,False,True,False,True,False,False,True,False,False,False,True,False,True,False,False,False,True,False,False,False,True
22,1,3,1,2,151,45,2,False,True,False,False,True,False,True,False,False,True,False,False,False,False,True,True,False,False,False,True,False,False,False,True
23,0,3,3,2,135,63,3,False,True,False,False,False,False,False,False,False,False,True,False,False,False,True,False,False,False,True,False,False,False,False,False
22,1,4,3,1,43,22,3,False,True,False,False,True,False,True,False,False,False,True,False,False,False,True,False,False,True,False,False,False,False,True,False
22,0,5,2,4,190,31,1,False,True,False,False,False,False,False,False,False,True,False,False,False,True,False,True,False,False,False,True,False,False,False,True
22,1,4,3,3,146,29,2,False,True,False,False,True,False,True,False,False,True,False,False,False,True,False,True,False,False,True,False,False,False,False,True
25,1,4,3,2,252,31,1,False,False,False,False,False,True,False,False,False,True,False,False,False,True,False,True,False,False,True,False,False,False,False,True
22,0,5,2,2,137,24,1,False,True,False,False,True,False,True,False,False,False,True,False,True,False,False,False,False,True,False,False,False,False,False,True
22,0,2,1,1,201,19,1,False,True,False,False,True,False,True,False,False,True,False,False,False,True,False,False,False,True,False,False,False,False,False,True
25,1,3,3,5,42,52,2,False,True,False,False,True,False,True,False,False,True,False,False,False,True,False,True,False,False,False,True,False,False,False,True
25,1,5,5,1,221,23,1,False,True,False,False,True,False,True,False,False,True,False,False,False,True,False,False,False,True,False,True,False,False,False,False
32,0,5,2,1,149,55,1,True,False,True,False,False,False,False,False,False,True,False,False,False,False,False,True,False,False,False,False,True,False,False,True
23,0,3,1,3,94,18,3,False,True,False,False,True,False,True,False,False,True,False,False,False,False,True,True,False,False,False,True,False,False,False,True
23,0,4,5,2,89,22,3,False,True,False,False,True,False,True,False,False,False,True,False,False,False,False,True,False,False,False,True,False,False,False,True
30,1,4,4,4,114,48,3,False,False,False,True,False,False,False,False,True,True,False,False,False,True,False,False,False,True,False,False,False,True,False,True
23,1,3,2,5,158,60,1,False,True,False,False,True,False,False,False,False,True,False,False,True,False,False,True,False,False,True,False,False,False,False,True
23,1,4,1,4,102,27,3,False,True,False,False,True,False,True,False,False,True,False,False,False,True,False,False,False,True,True,False,False,False,False,True
22,0,5,4,4,195,35,1,False,True,False,False,True,False,True,False,False,False,True,False,False,False,True,True,False,False,True,False,False,False,False,True
22,1,5,4,1,49,62,1,False,True,False,False,True,False,False,False,False,True,False,False,False,True,False,True,False,False,True,False,False,False,False,True
27,0,2,5,4,184,53,3,False,False,False,True,False,False,True,False,False,True,False,False,False,False,False,True,False,False,True,False,False,False,True,False
24,0,3,2,3,147,13,2,False,True,False,False,True,False,True,False,False,True,False,False,True,False,False,True,False,False,False,True,False,False,False,True
23,1,2,5,4,233,14,2,False,True,False,False,True,False,True,False,False,True,False,False,True,False,False,True,False,False,True,False,False,False,False,True
23,0,5,3,5,43,22,2,False,True,False,False,True,False,False,False,False,True,False,False,False,True,False,False,False,True,False,True,False,False,False,True
23,0,2,2,5,255,16,2,False,True,False,False,True,False,True,False,False,True,False,False,False,True,False,True,False,False,False,True,False,False,False,False
24,1,3,4,2,77,30,2,False,True,False,False,True,False,True,False,False,True,False,False,False,False,True,True,False,False,True,False,False,False,False,True
25,1,2,5,3,30,35,3,False,True,False,False,True,False,True,False,False,False,True,False,False,True,False,True,False,False,True,False,False,False,False,True
22,1,3,1,2,182,38,1,False,True,False,False,True,False,True,False,False,True,False,False,False,True,False,True,False,False,False,True,False,False,False,True
28,0,2,1,2,118,26,2,False,False,False,False,True,False,False,False,False,True,False,False,False,True,False,False,False,True,True,False,False,False,False,True
22,0,1,2,3,79,73,3,False,True,False,False,True,False,True,False,False,True,False,False,False,True,False,True,False,False,False,False,True,False,False,True
24,0,3,3,1,173,47,1,False,True,False,False,True,False,False,False,False,True,False,False,False,True,False,True,False,False,False,False,True,False,False,True
31,1,5,5,1,82,20,2,False,False,False,False,False,True,False,False,False,False,True,False,True,False,False,True,False,False,False,True,False,False,False,False
25,1,4,2,3,76,35,1,False,True,False,False,True,False,True,False,False,True,False,False,False,False,True,False,False,True,True,False,False,False,False,True
23,1,5,3,4,107,41,1,False,True,False,False,True,False,True,False,False,True,False,False,False,True,False,True,False,False,False,False,True,False,False,False
22,1,3,5,5,207,55,3,False,True,False,False,True,False,True,False,False,True,False,False,False,True,False,True,False,False,True,False,False,False,True,False
23,1,1,1,2,213,39,3,False,True,False,False,True,False,True,False,False,True,False,False,False,True,False,True,False,False,False,False,True,False,False,True
23,1,4,5,4,164,17,2,False,True,False,False,True,False,False,False,False,True,False,False,False,True,False,True,False,False,True,False,False,False,False,True
23,0,2,4,1,247,21,3,False,True,False,False,True,False,True,False,False,True,False,False,False,True,False,True,False,False,False,True,False,False,False,True
25,1,6,3,1,187,63,2,False,True,False,False,True,False,True,False,False,True,False,False,True,False,False,True,False,False,False,False,True,False,False,True
24,1,4,3,1,198,22,1,False,True,False,False,False,False,False,False,False,True,False,False,False,True,False,True,False,False,True,False,False,False,False,True
23,0,4,1,4,112,42,3,False,True,False,False,True,False,True,False,False,True,False,False,True,False,False,True,False,False,False,True,False,False,False,True
24,0,4,3,4,236,47,2,False,False,False,False,False,True,False,False,False,True,False,False,True,False,False,False,False,True,True,False,False,False,False,True
22,1,4,1,4,114,45,2,False,True,False,False,True,False,False,False,False,True,False,False,False,True,False,True,False,False,True,False,False,False,False,True
24,0,3,3,3,158,35,3,False,True,False,False,True,False,True,False,False,True,False,False,True,False,False,True,False,False,False,True,False,False,False,True
25,0,3,3,5,143,36,2,False,True,False,False,True,False,True,False,False,True,False,False,True,False,False,True,False,False,False,True,False,False,True,False
23,1,2,4,3,256,50,1,False,True,False,False,True,False,True,False,False,True,False,False,False,False,False,False,False,True,True,False,False,False,True,False
26,1,4,5,1,199,16,3,False,True,False,False,True,False,True,False,False,False,True,False,True,False,False,False,False,True,True,False,False,False,True,False
24,0,3,1,4,219,45,2,False,True,False,False,True,False,True,False,False,False,True,False,True,False,False,True,False,False,False,True,False,False,False,True
26,1,4,2,3,43,29,3,False,True,False,False,True,False,True,False,False,True,False,False,False,True,False,True,False,False,False,True,False,False,False,True
22,0,3,2,4,52,57,2,False,True,False,False,True,False,True,False,False,True,False,False,False,True,False,True,False,False,True,False,False,False,False,True
24,1,5,3,3,226,68,2,False,True,False,False,True,False,True,False,False,True,False,False,False,False,True,False,False,True,False,False,False,True,False,False
24,1,4,3,3,168,24,3,False,True,False,False,True,False,True,False,False,True,False,False,False,True,False,True,False,False,False,True,False,False,False,True
23,0,3,3,3,244,42,3,False,True,False,False,True,False,True,False,False,True,False,False,True,False,False,True,False,False,False,True,False,False,False,True
23,1,3,5,1,208,27,3,False,True,False,False,True,False,True,False,False,True,False,False,False,True,False,False,False,True,False,True,False,False,False,False
22,1,3,1,2,200,42,1,False,True,False,False,True,False,True,False,False,True,False,False,False,False,False,True,False,False,False,False,True,False,False,True
23,1,3,5,5,172,26,1,False,True,False,False,True,False,True,False,False,True,False,False,True,False,False,False,False,True,True,False,False,False,False,True
24,0,4,2,2,90,40,2,False,True,False,False,True,False,True,False,False,True,False,False,False,True,False,True,False,False,False,True,False,False,False,False
25,1,1,1,2,231,19,3,False,True,False,False,True,False,False,False,False,True,False,False,True,False,False,True,False,False,False,True,False,False,False,True
28,1,2,3,4,224,50,1,False,False,False,True,False,False,False,False,False,True,False,False,False,False,False,True,False,False,False,False,True,False,True,False
27,0,5,3,1,103,30,1,True,False,False,False,False,False,True,False,False,True,False,False,False,True,False,True,False,False,False,True,False,False,True,False
26,1,1,2,2,137,62,2,False,True,False,True,False,True,False,False,False,True,False,False,False,True,False,True,False,False,False,False,False,True,False,True
22,1,2,2,4,86,24,1,False,True,False,False,True,False,True,False,False,True,False,False,True,False,False,True,False,False,False,False,False,False,False,True
24,0,3,1,5,221,22,3,False,True,False,False,True,False,True,False,False,True,False,False,False,False,False,True,False,False,True,False,False,False,False,True
23,1,1,3,2,142,62,3,False,True,False,False,True,False,True,False,False,False,True,False,False,True,False,True,False,False,True,False,False,False,False,True
26,1,5,5,4,149,61,2,False,False,False,False,False,False,False,False,False,True,False,False,False,True,False,True,False,False,False,False,True,False,True,False
32,0,3,4,4,129,13,1,False,False,True,False,False,False,False,False,True,True,False,False,True,False,False,False,False,True,True,False,False,False,False,True
23,1,2,2,2,80,49,3,False,True,False,False,True,False,True,False,False,True,False,False,False,False,False,False,False,True,False,True,False,False,False,True
22,0,3,2,4,109,15,1,False,True,False,False,False,False,False,False,False,True,False,False,False,True,False,True,False,False,False,True,False,False,False,True
24,0,3,4,1,64,55,2,False,True,False,False,True,True,False,False,False,True,False,False,False,True,False,True,False,False,True,False,False,False,False,True
26,1,2,3,2,133,12,3,False,True,False,False,False,False,False,False,False,True,False,False,False,True,False,True,False,False,False,False,False,False,True,False
28,1,3,3,4,151,23,1,False,False,False,False,False,False,False,False,False,True,False,False,False,True,False,False,False,True,False,True,False,False,False,True
26,1,2,1,4,224,49,2,False,True,False,False,False,False,True,False,False,True,False,False,True,False,False,True,False,False,False,True,False,False,False,True
25,1,1,3,4,228,54,3,False,True,False,False,True,False,True,False,False,True,False,False,True,False,False,True,False,False,True,False,False,False,False,True
25,1,2,2,1,86,43,2,False,True,False,False,False,False,False,False,False,True,False,False,False,True,False,True,False,False,True,False,False,False,True,False
18,1,5,1,4,33,19,1,False,True,False,False,True,False,False,False,False,True,False,False,False,False,True,True,False,False,False,True,False,False,False,True
21,1,4,5,1,101,59,1,False,True,False,False,True,False,True,False,False,True,False,False,False,True,False,True,False,False,True,False,False,False,False,True
25,1,2,2,2,48,13,1,False,True,False,False,True,False,True,False,False,False,True,False,True,False,False,True,False,False,False,True,False,False,False,True
23,1,2,3,3,210,59,1,False,True,False,False,False,False,True,False,False,True,False,False,False,True,False,False,False,True,True,False,False,False,False,True
25,0,4,2,2,188,29,1,False,False,False,False,False,False,False,False,False,True,False,False,True,False,False,True,False,False,False,False,False,False,False,True
31,0,5,1,3,24,33,1,False,False,True,False,False,False,False,True,False,True,False,False,False,False,False,True,False,False,False,True,False,False,False,True
24,1,2,2,1,127,24,1,True,False,False,True,False,True,False,False,False,True,False,False,False,True,False,True,False,False,False,False,False,False,False,True
32,0,5,4,2,216,66,2,False,False,False,False,False,False,False,False,False,True,False,False,False,False,False,True,False,False,False,False,True,False,False,True
25,1,3,2,1,210,32,2,False,True,False,False,False,False,False,False,False,True,False,False,False,False,False,True,False,False,False,True,False,False,False,True
27,0,5,3,5,109,31,3,False,False,False,True,False,False,False,False,False,True,False,False,False,True,False,True,False,False,True,False,False,False,False,True
26,1,3,5,2,247,49,2,False,True,False,True,False,False,False,False,False,True,False,False,False,True,False,True,False,False,False,False,False,True,True,False
26,0,3,5,3,138,53,3,False,True,False,True,False,False,True,False,False,True,False,False,False,True,False,True,False,False,True,False,False,False,False,True
32,1,5,2,5,219,29,3,False,False,False,False,False,True,False,False,False,True,False,False,False,True,False,True,False,False,False,True,False,False,False,True
24,1,6,2,5,60,45,2,False,False,False,True,False,True,False,False,False,True,False,False,True,False,False,False,False,True,True,False,False,False,False,True
27,0,3,3,2,116,22,2,False,False,False,True,False,False,False,False,False,True,False,False,False,False,False,True,False,False,True,False,False,False,False,True
23,1,3,3,3,203,52,3,False,True,False,False,True,False,True,False,False,True,False,False,True,False,False,True,False,False,True,False,False,False,True,False
25,1,4,4,2,165,46,1,False,True,False,False,True,False,True,False,False,True,False,False,False,True,False,True,False,False,True,False,False,False,False,True
28,1,3,3,2,212,59,1,False,False,False,False,False,False,True,False,False,True,False,False,False,False,True,True,False,False,False,False,True,False,True,False
32,0,1,4,1,125,34,2,False,False,False,False,False,False,False,False,False,True,False,False,False,False,False,True,False,False,True,False,False,False,False,True
23,1,2,3,2,101,53,1,False,True,False,False,True,False,True,False,False,True,False,False,False,False,False,True,False,False,True,False,False,False,False,True
19,1,2,3,4,202,23,2,False,True,False,False,True,False,False,False,False,True,False,False,False,False,True,True,False,False,False,False,False,False,True,False
19,0,4,5,4,166,28,2,False,True,False,False,True,False,False,False,False,True,False,False,True,False,False,True,False,False,False,True,False,False,False,True
27,0,2,5,3,212,58,1,False,False,False,False,False,False,True,False,False,True,False,False,False,True,False,False,False,True,True,False,False,False,False,True
25,1,3,1,3,235,46,3,False,True,False,True,False,False,False,False,False,True,False,False,True,False,False,True,False,False,True,False,False,False,False,True
33,1,5,5,2,126,47,3,False,False,False,False,False,True,False,False,False,True,False,False,False,False,True,True,False,False,True,False,False,False,False,True
26,0,3,3,2,28,18,3,False,True,False,False,False,False,False,False,False,True,False,False,False,False,False,True,False,False,False,True,False,False,True,False
22,0,4,5,2,58,40,2,False,True,False,False,True,False,True,False,False,True,False,False,False,True,False,True,False,False,False,True,False,False,False,True
23,1,3,3,4,159,32,3,False,True,False,False,True,False,True,False,False,True,False,False,False,True,False,False,False,True,True,False,False,False,False,True
22,0,3,5,5,216,39,1,False,True,False,False,True,False,False,False,False,True,False,False,False,False,True,False,False,True,False,True,False,False,False,True
25,1,2,3,1,184,51,2,False,False,False,False,False,False,False,False,False,True,False,False,False,False,False,True,False,False,False,True,False,False,False,False
30,0,5,4,1,151,55,2,False,False,True,False,False,False,False,True,False,True,False,False,False,False,True,True,False,False,True,False,False,False,True,False
24,1,3,5,1,194,11,3,False,True,False,False,True,False,True,False,False,True,False,False,False,False,True,True,False,False,False,False,False,False,False,True
25,1,3,3,3,150,52,3,False,True,False,False,False,False,True,False,False,True,False,False,False,False,False,True,False,False,False,True,False,False,True,False
23,1,3,3,4,122,31,3,False,True,False,False,True,False,True,False,False,True,False,False,False,False,True,True,False,False,False,True,False,False,False,True
24,0,4,2,4,110,58,1,False,True,False,False,True,False,True,False,False,True,False,False,False,True,False,False,False,True,True,False,False,False,True,False
32,1,4,2,4,175,39,3,False,False,False,False,False,False,False,False,False,True,False,False,False,False,True,True,False,False,True,False,False,False,False,True
22,1,4,2,2,242,54,3,False,True,False,False,True,False,True,False,False,True,False,False,True,False,False,True,False,False,True,False,False,False,False,True
20,1,2,1,4,48,30,3,False,True,False,False,True,False,False,False,False,True,False,False,False,False,False,True,False,False,True,False,False,False,False,True
21,1,2,3,1,128,42,3,False,True,False,False,True,False,False,False,False,True,False,False,False,False,False,True,False,False,True,False,False,False,False,True
24,0,5,3,1,172,18,1,False,False,False,True,False,False,False,False,False,True,False,False,False,True,False,True,False,False,False,True,False,False,False,True
25,1,3,1,5,235,22,2,False,True,False,False,False,False,True,False,False,True,False,False,False,False,True,True,False,False,True,False,False,False,False,True
32,0,3,4,4,237,64,2,False,False,True,False,False,False,False,False,False,False,False,False,False,False,True,True,False,False,False,False,True,False,False,True
27,1,5,3,4,169,12,3,False,False,False,False,False,True,False,False,False,True,False,False,True,False,False,True,False,False,False,False,False,False,False,True
20,0,2,3,1,48,40,2,False,True,False,False,True,False,False,False,False,True,False,False,True,False,False,True,False,False,False,True,False,False,False,True
21,1,2,1,1,98,26,2,False,True,False,False,True,False,False,False,False,True,False,False,False,False,False,True,False,False,False,True,False,False,False,True
26,1,3,4,3,201,25,3,False,True,False,False,False,False,True,False,False,True,False,False,True,False,False,True,False,False,False,False,False,False,False,True
25,1,4,4,4,56,53,2,False,True,False,False,False,False,False,False,False,True,False,False,False,True,False,True,False,False,False,True,False,False,False,True
26,1,3,2,1,250,50,3,False,True,False,False,False,False,True,False,False,True,False,False,True,False,False,True,False,False,False,False,False,True,True,False
26,0,3,2,5,61,15,1,False,False,False,False,False,False,False,False,False,True,False,False,False,False,False,True,False,False,True,False,False,False,False,True
27,1,4,1,4,140,17,3,False,True,False,False,False,True,False,False,False,True,False,False,False,True,False,True,False,False,False,False,False,False,False,False
27,0,5,5,5,78,23,1,False,True,False,False,True,True,False,False,False,True,False,False,False,False,False,True,False,False,False,False,False,False,False,True
24,0,5,2,2,248,26,1,False,True,False,False,True,False,True,False,False,True,False,False,False,False,False,False,False,True,False,True,False,False,False,True
25,1,2,2,5,197,36,1,False,False,False,True,False,False,False,True,False,True,False,False,False,False,True,True,False,False,False,True,False,False,False,True
20,1,2,4,2,33,10,1,False,True,False,False,True,False,False,False,False,True,False,False,False,False,True,True,False,False,False,False,False,False,False,True
22,1,1,4,4,104,72,1,False,True,False,False,True,False,True,False,False,True,False,False,True,False,False,True,False,False,False,False,False,True,False,False
26,0,3,5,2,137,63,1,False,False,False,False,True,True,False,False,False,True,False,False,False,False,True,True,False,False,True,False,False,False,False,True
27,1,1,4,2,134,21,1,True,False,False,False,False,False,True,False,False,True,False,False,False,False,False,True,False,False,False,True,False,False,False,True
25,0,3,2,4,201,15,3,False,True,False,False,True,False,True,False,False,True,False,False,False,False,False,True,False,False,True,False,False,False,False,False
24,1,2,3,1,62,12,2,False,True,False,False,False,False,False,False,False,True,False,False,False,False,True,True,False,False,True,False,False,False,False,True
23,0,6,3,2,78,47,2,False,True,False,False,False,False,False,False,False,True,False,False,False,False,True,True,False,False,False,True,False,False,False,True
22,1,2,3,5,126,42,1,False,True,False,False,True,False,False,False,False,True,False,False,True,False,False,True,False,False,False,True,False,False,False,True
26,1,3,1,1,85,51,1,False,False,False,True,False,False,True,False,False,True,False,False,False,False,True,True,False,False,False,False,True,False,True,False
26,1,1,3,3,179,50,3,False,True,False,False,False,False,True,False,False,True,False,False,True,False,False,True,False,False,True,False,False,False,False,True
25,0,3,5,2,26,12,2,False,False,False,True,False,False,True,False,False,True,False,False,False,False,True,True,False,False,True,False,False,False,False,True
29,0,3,3,4,55,37,1,False,False,False,False,False,False,False,False,False,True,False,False,False,False,False,True,False,False,False,True,False,False,False,True
23,1,3,1,1,105,28,1,False,True,False,False,True,False,False,False,False,False,False,False,True,False,False,False,False,True,False,True,False,False,False,False
22,0,4,5,5,198,22,2,False,True,False,False,False,False,False,False,False,True,False,False,False,True,False,True,False,False,False,True,False,False,False,True
22,1,2,4,2,122,14,2,False,True,False,False,True,False,False,False,False,True,False,False,False,False,False,True,False,False,False,False,False,False,False,True
32,0,5,2,5,72,63,2,False,False,True,False,False,False,False,True,False,True,False,False,False,False,True,True,False,False,False,False,True,False,False,True
28,1,1,1,2,214,41,1,False,False,False,False,False,False,True,False,False,True,False,False,False,False,False,True,False,False,False,True,False,False,False,True
22,1,2,4,5,254,31,2,False,True,False,False,True,False,True,False,False,True,False,False,False,True,False,True,False,False,True,False,False,False,False,True
25,1,2,1,2,88,74,3,False,True,False,False,False,False,False,False,False,True,False,False,False,True,False,True,False,False,False,False,True,False,False,True
26,0,2,5,2,34,21,1,False,False,False,False,False,False,True,False,False,True,False,False,True,False,False,False,False,True,True,False,False,False,True,False
31,1,6,2,4,218,48,1,False,False,False,True,False,False,False,True,False,True,False,False,False,False,True,True,False,False,False,True,False,False,False,True
24,1,3,2,3,66,17,1,False,True,False,False,True,False,True,False,False,True,False,False,False,False,False,True,False,False,False,True,False,False,True,False
24,1,2,4,1,93,60,3,False,True,False,False,False,False,True,False,False,True,False,False,False,False,True,False,False,True,True,False,False,False,False,True
31,0,5,4,5,94,59,2,False,False,False,False,False,True,False,False,False,True,False,False,False,False,False,True,False,False,False,False,True,False,True,False
26,1,2,3,4,29,23,1,False,True,False,False,False,False,False,False,False,True,False,False,False,True,False,False,False,True,False,True,False,False,False,False
24,0,2,3,2,51,65,1,False,False,False,True,False,False,False,False,False,True,False,False,False,False,False,True,False,False,False,False,False,True,False,True
22,0,3,3,2,67,13,3,False,True,False,False,True,False,False,False,False,True,False,False,False,False,False,True,False,False,True,False,False,False,False,True
19,1,6,5,3,82,30,1,False,True,False,False,True,False,False,False,False,True,False,False,False,False,True,True,False,False,False,False,False,False,False,True
25,1,6,3,1,111,19,2,False,False,False,False,False,False,True,False,False,True,False,False,False,False,True,True,False,False,False,True,False,False,False,True
23,0,6,5,5,252,64,3,False,False,True,False,False,False,False,True,False,True,False,False,False,False,True,True,False,False,False,False,False,True,True,False
23,0,2,4,4,36,44,1,False,True,False,False,True,False,False,False,False,True,False,False,False,False,True,True,False,False,True,False,False,False,False,True
23,1,2,3,4,28,26,1,False,True,False,False,True,False,True,False,False,True,False,False,False,False,False,True,False,False,False,True,False,False,False,True
24,1,5,4,3,23,61,3,False,True,False,False,True,False,True,False,False,True,False,False,False,False,False,False,False,True,True,False,False,False,False,True
22,0,4,2,4,98,52,3,False,True,False,False,False,False,False,False,False,True,False,False,False,True,False,True,False,False,False,True,False,False,False,True
26,1,4,5,1,57,15,1,False,False,False,False,False,False,False,False,False,True,False,False,False,False,True,True,False,False,False,True,False,False,False,True
25,0,3,5,2,63,16,3,False,True,False,False,True,True,False,False,False,True,False,False,False,False,True,True,False,False,False,True,False,False,True,False
20,1,2,3,2,89,38,2,False,True,False,False,True,False,False,False,False,True,False,False,False,True,False,True,False,False,False,True,False,False,False,True
29,1,4,3,1,151,10,2,False,False,False,False,False,False,False,False,False,True,False,False,True,False,False,True,False,False,False,False,False,False,False,False
23,0,1,4,3,243,17,1,False,True,False,False,True,False,False,False,False,True,False,False,False,False,False,True,False,False,False,False,False,False,True,False
25,1,2,3,3,87,26,1,False,True,False,True,False,False,False,False,False,True,False,False,False,False,True,True,False,False,True,False,False,False,False,True
29,0,4,5,5,205,23,1,False,False,False,False,False,False,False,False,False,True,False,False,False,True,False,False,False,True,False,False,False,False,False,True
27,1,6,1,3,190,63,2,False,False,False,True,False,False,False,False,False,True,False,False,False,False,True,True,False,False,False,False,True,False,False,True
25,1,3,5,4,34,58,3,False,True,False,True,False,False,False,False,False,True,False,False,False,False,True,True,False,False,False,False,True,False,True,False
21,1,2,2,1,91,59,2,False,True,False,False,True,False,False,False,False,True,False,False,True,False,False,True,False,False,True,False,False,False,False,True
23,1,3,3,2,85,57,2,False,True,False,False,True,False,False,False,False,True,False,False,False,False,False,False,False,True,True,False,False,False,False,True
24,0,4,4,2,202,48,3,False,True,False,False,False,False,True,False,False,True,False,False,False,False,True,False,False,True,False,True,False,False,False,True
32,1,3,3,3,182,55,2,False,False,False,True,False,False,False,True,False,True,False,False,True,False,False,True,False,False,False,True,False,False,True,False
28,1,5,5,2,124,17,2,False,False,False,False,False,False,True,False,False,True,False,False,False,False,True,True,False,False,False,True,False,False,True,False
26,1,2,4,1,159,50,2,False,True,False,False,False,False,False,False,False,True,False,False,False,False,True,True,False,False,True,False,False,False,False,True
31,0,5,3,3,220,64,1,False,False,True,False,False,False,False,False,False,True,False,False,False,True,False,True,False,False,False,False,True,False,False,True
27,0,3,2,3,49,50,3,False,False,False,True,False,False,False,False,False,True,False,False,True,False,False,True,False,False,False,True,False,False,True,False
21,0,1,1,5,112,58,1,False,True,False,False,True,False,True,False,False,True,False,False,False,True,False,True,False,False,True,False,False,False,False,False
23,0,2,4,4,239,14,1,False,True,False,False,True,False,False,False,False,True,False,False,False,False,True,True,False,False,False,True,False,False,False,True
26,1,4,3,5,65,56,1,False,False,False,False,False,False,False,False,False,True,False,False,False,False,True,True,False,False,False,True,False,False,False,True
32,1,5,2,4,132,21,2,False,False,False,False,False,False,False,False,False,False,False,True,False,False,True,True,False,False,True,False,False,False,True,False
25,0,2,5,3,72,31,2,False,False,False,False,True,False,True,False,False,True,False,False,False,False,True,False,True,False,False,True,False,False,False,True
28,1,2,4,4,61,28,3,False,True,False,True,False,False,True,False,False,True,False,False,True,False,False,True,False,False,False,True,False,False,False,False
21,0,3,1,4,228,39,3,False,True,False,False,True,False,True,False,False,True,False,False,False,False,False,True,False,False,True,False,False,False,False,True
24,1,2,4,5,189,28,2,False,True,False,False,True,False,True,False,False,True,False,False,False,True,False,True,False,False,True,False,False,False,False,True
26,0,5,4,4,145,25,1,False,False,False,True,False,False,False,False,False,True,False,False,True,False,False,False,False,True,False,True,False,False,False,False
32,1,3,1,4,243,16,3,False,False,False,False,False,False,False,False,False,True,False,False,False,False,True,True,False,False,True,False,False,False,False,True
29,1,6,1,1,46,56,3,False,True,False,True,False,False,False,False,False,True,False,False,False,False,True,True,False,False,False,False,False,True,True,False
21,1,5,1,3,96,23,3,False,True,False,False,True,False,False,False,False,True,False,False,False,True,False,True,False,False,False,True,False,False,False,True
24,0,3,1,4,137,45,3,False,True,False,True,False,False,True,False,False,True,False,False,True,False,False,False,False,True,True,False,False,False,False,False
26,1,2,2,4,104,29,1,True,False,False,True,False,False,True,False,False,True,False,False,False,False,True,True,False,False,True,False,False,False,True,False
25,1,3,3,3,61,56,1,False,False,False,False,False,True,False,False,False,True,False,False,False,True,False,True,False,False,True,False,False,False,False,True
29,1,3,4,1,203,52,3,False,True,False,False,False,False,False,False,False,True,False,False,True,False,False,True,False,False,False,True,False,False,False,True
22,1,3,1,2,141,48,2,False,True,False,False,True,False,False,False,False,True,False,False,False,False,True,True,False,False,True,False,False,False,False,True
24,1,2,4,1,228,41,2,False,True,False,False,True,False,False,False,False,False,False,False,False,False,True,True,False,False,True,False,False,False,False,True
27,1,2,4,3,226,46,2,False,False,False,False,False,False,False,False,False,True,False,False,False,False,True,True,False,False,True,False,False,False,False,True
23,0,3,5,2,244,18,2,False,True,False,False,True,False,True,False,False,True,False,False,False,False,True,False,False,True,False,False,False,False,False,False
32,1,6,3,5,76,17,2,False,False,False,False,False,False,True,False,False,True,False,False,False,True,False,True,False,False,False,True,False,False,False,True
22,0,2,5,3,93,59,3,False,True,False,False,True,False,False,False,False,True,False,False,False,False,False,True,False,False,False,False,False,True,False,False
28,1,3,3,4,53,71,1,False,False,False,False,False,False,False,False,False,True,False,False,False,False,True,True,False,False,False,False,True,False,False,True
23,0,2,4,5,144,30,2,False,True,False,False,True,False,True,False,False,True,False,False,True,False,False,True,False,False,True,False,False,False,False,True
30,1,1,3,3,116,18,1,False,False,False,True,False,False,False,False,False,True,False,False,False,False,True,True,False,False,False,False,False,False,False,True
21,1,3,1,3,163,53,2,False,True,False,False,True,False,False,False,False,True,False,False,False,False,True,True,False,False,True,False,False,False,False,True
26,0,6,5,1,244,26,2,False,False,False,False,False,False,False,False,False,True,False,False,True,False,False,False,False,True,True,False,False,False,False,True
25,1,3,5,2,168,67,2,False,True,False,True,False,False,False,True,False,True,False,False,True,False,False,True,False,False,False,False,True,False,True,False
31,1,1,2,4,250,26,2,True,False,False,False,False,False,False,False,False,True,False,False,False,True,False,True,False,False,False,False,False,False,False,True
23,0,2,5,5,74,46,1,False,True,False,False,False,False,True,False,False,True,False,False,True,False,False,True,False,False,True,False,False,False,False,True
29,0,3,1,5,205,29,1,False,False,False,False,False,True,False,False,False,True,False,False,False,False,True,True,False,False,False,True,False,False,False,True
21,1,6,3,2,154,19,1,False,True,False,False,True,False,False,False,False,True,False,False,False,False,False,True,False,False,True,False,False,False,False,True
20,1,3,5,4,103,31,3,False,True,False,False,True,False,False,False,False,True,False,False,False,False,True,True,False,False,False,True,False,False,False,True
22,1,2,4,2,189,70,2,False,True,False,False,False,False,False,False,False,True,False,False,False,False,True,True,False,False,False,False,False,True,True,False
30,0,6,1,4,188,16,3,False,False,True,False,False,False,False,True,False,True,False,False,False,True,False,True,False,False,True,False,False,False,False,True
27,1,3,3,4,153,50,3,False,False,False,True,False,False,False,False,False,True,False,False,False,False,True,True,False,False,False,False,False,True,False,True
23,1,2,2,4,138,16,1,False,True,False,False,True,False,True,False,False,True,False,False,False,True,False,True,False,False,False,True,False,False,False,True
30,1,6,3,5,112,47,1,False,False,False,True,False,False,False,True,False,True,False,False,False,False,True,True,False,False,False,True,False,False,False,True
23,1,3,2,1,85,37,2,False,True,False,False,True,False,True,False,False,True,False,False,False,False,True,True,False,False,True,False,False,False,False,False
28,0,6,5,5,160,17,3,False,False,False,False,False,False,True,False,False,True,False,False,False,False,True,True,False,False,False,False,False,False,False,True
30,1,6,1,1,224,50,3,False,False,False,True,False,False,False,False,False,True,False,False,False,True,False,False,False,True,False,False,True,False,False,True
24,0,2,5,5,145,74,1,False,False,False,False,False,False,True,False,False,True,False,False,False,False,True,True,False,False,False,False,False,True,False,True
21,1,2,5,1,257,33,2,False,True,False,False,True,False,False,False,False,True,False,False,False,False,True,True,False,False,True,False,False,False,False,True
23,0,3,5,1,206,49,1,True,False,False,False,False,False,False,False,False,True,False,False,False,True,False,True,False,False,False,True,False,False,False,False
25,1,4,3,2,177,38,3,False,False,False,True,False,False,True,False,False,True,False,False,True,False,False,True,False,False,True,False,False,False,False,True
24,0,2,3,4,207,35,2,False,True,False,False,False,False,False,False,False,True,False,False,False,False,True,True,False,False,False,True,False,False,False,True
26,1,3,5,5,94,11,2,False,False,False,False,False,False,False,False,False,True,False,False,False,True,False,False,True,False,False,False,False,False,False,True
25,0,2,5,3,71,56,2,False,True,False,False,False,False,True,False,False,True,False,False,False,False,True,True,False,False,True,False,False,False,False,False
22,1,3,5,1,76,65,1,False,True,False,False,True,False,False,False,False,True,False,False,False,False,True,True,False,False,False,False,True,False,False,True
26,0,2,3,2,132,74,1,False,True,False,False,False,False,True,False,False,True,False,False,False,False,False,True,False,False,False,False,False,True,False,True
23,1,2,1,3,222,21,2,False,True,False,False,False,False,False,False,False,True,False,False,False,False,True,True,False,False,False,False,False,False,False,True
21,0,2,1,2,177,40,1,False,True,False,False,False,False,False,False,False,True,False,False,True,False,False,True,False,False,True,False,False,False,False,True
25,1,3,5,3,148,56,1,False,False,False,True,False,False,False,False,False,True,False,False,False,True,False,True,False,False,False,True,False,False,False,True
24,0,2,5,4,217,39,2,False,False,False,False,False,False,True,False,False,True,False,False,False,False,False,True,False,False,False,False,True,False,False,True
22,1,2,4,1,105,15,1,False,False,False,False,True,False,False,False,False,True,False,False,False,False,True,False,False,True,True,False,False,False,False,True
24,1,3,4,5,189,34,3,False,False,False,False,False,False,True,False,False,True,False,False,False,False,True,False,False,True,False,True,False,False,False,True
22,0,2,2,1,202,48,3,False,True,False,False,True,False,False,False,False,False,False,True,False,False,True,True,False,False,False,True,False,False,False,True
30,1,5,2,5,251,33,3,False,False,False,False,False,False,False,False,False,True,False,False,False,False,False,True,False,False,False,True,False,False,False,True
23,0,4,3,1,250,19,1,True,False,False,False,False,False,False,False,False,True,False,False,False,True,False,False,False,True,True,False,False,False,False,True
19,1,6,2,3,111,22,1,False,True,False,False,True,False,False,False,False,True,False,False,False,False,True,True,False,False,False,True,False,False,False,True
21,0,2,5,5,94,52,3,False,True,False,False,True,False,False,False,False,True,False,False,False,False,False,False,False,True,False,True,False,False,False,True
23,1,4,5,3,186,62,1,False,True,False,False,True,False,False,False,False,True,False,False,False,False,True,True,False,False,False,False,True,False,False,False
24,0,3,4,1,228,53,3,False,True,False,False,False,False,False,False,False,True,False,False,False,False,True,True,False,False,False,False,True,False,False,True
26,0,2,4,5,193,11,3,False,False,False,False,False,False,True,False,False,True,False,False,False,True,False,False,False,True,False,False,False,False,False,True
26,0,2,4,2,253,69,2,False,True,False,False,True,True,False,False,False,True,False,False,True,False,False,True,False,False,False,False,True,False,False,True
25,0,2,5,1,55,56,1,False,True,False,False,True,False,False,False,False,True,False,False,False,False,True,True,False,False,True,False,False,False,False,True
28,0,5,2,4,229,20,3,False,False,False,False,False,False,False,False,False,True,False,False,False,True,False,True,False,False,False,False,False,False,False,True
25,0,3,2,4,49,60,1,False,True,False,False,True,False,True,False,False,True,False,False,True,False,False,True,False,False,False,False,False,True,False,False
20,0,2,5,3,154,48,3,False,True,False,False,True,False,False,False,False,True,False,False,False,False,True,True,False,False,False,True,False,False,False,False
27,0,6,5,2,143,21,2,False,False,False,True,False,False,False,False,False,True,False,False,False,False,False,True,False,False,False,False,False,False,False,True
25,0,3,3,2,47,25,1,False,False,False,False,False,False,False,False,False,True,False,False,False,False,True,True,False,False,False,True,False,False,False,True
24,0,5,1,1,49,42,2,False,True,False,False,True,False,True,False,False,True,False,False,False,False,False,False,False,True,True,False,False,False,False,True
25,0,1,1,1,26,26,3,False,False,False,False,False,False,False,False,False,True,False,False,False,True,False,False,False,True,False,True,False,False,False,True
25,0,3,2,1,220,39,2,True,False,False,False,False,False,True,False,False,True,False,False,True,False,False,True,False,False,False,True,False,False,False,True
24,0,5,3,1,201,43,2,False,False,False,False,True,True,False,False,False,True,False,False,False,False,True,True,False,False,False,True,False,False,False,True
24,1,3,1,3,202,37,2,False,True,False,False,True,False,True,False,False,True,False,False,False,False,True,True,False,False,False,True,False,False,False,True
22,1,1,4,1,244,52,1,False,True,False,False,False,False,False,False,False,True,False,False,False,True,False,False,False,True,False,True,False,False,True,False
28,1,2,2,1,98,47,1,False,True,False,False,False,False,True,False,False,True,False,False,False,True,False,True,False,False,True,False,False,False,False,True
25,0,6,5,3,45,9,2,False,True,False,False,False,False,True,False,False,True,False,False,False,False,True,True,False,False,False,False,False,False,False,True
21,1,3,2,1,152,59,2,False,False,False,False,False,True,False,False,False,True,False,False,False,True,False,True,False,False,True,False,False,False,False,True
22,1,3,1,5,209,28,2,False,False,False,True,False,False,False,True,False,True,False,False,True,False,False,True,False,False,False,True,False,False,True,False
31,1,3,3,1,29,47,2,False,False,False,False,False,True,False,False,False,True,False,False,False,True,False,True,False,False,True,False,False,False,False,True
30,1,6,2,1,127,31,3,False,False,False,False,False,False,True,False,False,True,False,False,False,True,False,True,False,False,False,True,False,False,False,True
23,0,2,1,3,102,17,2,False,True,False,False,True,False,True,False,False,True,False,False,False,False,False,True,False,False,False,True,False,False,False,True
25,0,2,1,2,99,61,1,False,True,False,True,False,False,False,False,False,True,False,False,False,True,False,False,True,False,True,False,False,False,False,True
34,1,1,4,4,142,50,2,False,True,False,False,False,False,True,False,False,False,True,False,False,True,False,True,False,False,False,True,False,False,False,True
26,1,2,1,2,34,17,2,False,True,False,False,False,False,True,False,False,True,False,False,False,False,False,True,False,False,False,True,False,False,False,True
29,1,3,3,1,164,22,1,False,False,False,False,True,False,False,False,False,True,False,False,True,False,False,False,False,True,True,False,False,False,True,False
35,1,3,1,5,209,56,3,False,True,False,False,True,False,False,False,False,False,True,False,True,False,False,True,False,False,True,False,False,False,False,True
33,0,1,4,1,114,40,2,False,True,False,False,False,False,True,False,False,True,False,False,False,False,True,True,False,False,False,False,False,True,False,True
26,1,3,2,5,49,42,3,False,True,False,False,False,False,False,True,False,True,False,False,False,False,True,True,False,False,False,False,True,False,False,True
24,1,6,4,4,129,48,3,False,False,False,False,False,False,True,False,False,True,False,False,False,False,True,True,False,False,True,False,False,False,False,True
25,1,1,2,5,76,53,3,False,True,False,True,False,False,True,False,False,True,False,False,False,False,False,False,False,True,True,False,False,False,False,True
34,1,1,4,4,41,18,2,False,True,False,True,False,False,True,False,False,True,False,False,False,False,True,True,False,False,False,False,False,False,False,True
31,1,6,1,2,94,40,1,False,False,False,False,True,True,False,False,False,False,True,False,False,False,True,True,False,False,True,False,False,False,True,False
19,1,1,4,4,128,42,1,False,False,False,False,False,False,False,False,False,True,False,False,False,False,False,True,False,False,False,True,False,False,False,True
23,0,2,3,2,160,50,2,False,True,False,False,False,False,True,False,False,True,False,False,False,True,False,True,False,False,False,False,False,True,False,True
32,0,5,1,2,158,37,3,False,True,False,False,True,False,True,False,False,True,False,False,False,False,False,False,False,True,False,True,False,False,True,False
18,1,4,1,4,160,26,2,False,True,False,False,True,True,False,False,False,True,False,False,False,False,False,True,False,False,True,False,False,False,False,True
34,1,6,1,4,235,61,3,False,True,False,False,True,False,False,False,False,True,False,False,False,False,True,False,False,True,False,False,False,False,False,True
34,1,3,1,3,34,65,2,False,True,False,True,False,False,False,False,False,True,False,False,True,False,False,True,False,False,False,True,False,False,False,True
30,0,3,2,3,147,55,1,False,True,False,False,True,False,False,False,False,True,False,False,False,False,False,True,False,False,False,True,False,False,False,True
33,0,6,3,3,126,26,2,False,True,False,False,False,False,True,False,False,True,False,False,False,False,False,False,False,True,False,False,False,False,False,True
33,0,2,3,1,203,17,3,False,True,False,True,False,False,True,False,False,True,False,False,True,False,False,True,False,False,True,False,False,False,True,False
18,1,2,3,3,81,19,2,False,True,False,False,True,False,False,False,False,True,False,False,False,False,True,True,False,False,True,False,False,False,True,False
24,1,2,1,3,240,55,1,False,True,False,False,True,False,False,False,False,True,False,False,False,True,False,False,False,True,False,True,False,False,False,True
28,0,1,2,1,57,28,1,False,True,False,False,True,False,False,False,False,True,False,False,False,False,False,False,False,True,False,False,True,False,True,False
23,1,4,5,2,246,31,1,False,True,False,False,True,False,True,False,False,True,False,False,False,False,True,True,False,False,False,True,False,False,False,True
20,0,4,4,4,34,19,1,False,False,False,False,False,False,False,False,False,True,False,False,False,True,False,True,False,False,True,False,False,False,True,False
23,1,6,1,2,173,63,3,False,True,False,False,True,False,False,False,False,True,False,False,False,False,False,False,False,True,False,True,False,False,False,True
19,0,2,1,1,140,29,3,False,False,False,False,True,False,False,False,False,True,False,False,False,False,True,True,False,False,False,True,False,False,False,True
32,0,6,4,3,54,74,2,True,False,True,False,False,False,False,True,False,True,False,False,True,False,False,True,False,False,True,False,False,False,False,True
32,1,6,2,1,71,23,3,False,True,False,False,True,True,False,False,False,True,False,False,False,True,False,False,False,True,False,False,False,True,False,True
29,0,6,3,1,23,42,1,False,False,False,False,True,True,False,False,False,True,False,False,False,True,False,True,False,False,False,True,False,False,False,False
22,0,1,1,4,124,45,2,False,True,False,False,True,False,False,False,False,True,False,False,False,True,False,True,False,False,True,False,False,False,True,False
30,0,5,2,1,62,21,2,False,True,False,False,False,False,True,False,False,True,False,False,False,False,True,True,False,False,False,True,False,False,False,True
32,0,5,4,2,137,40,2,True,False,False,False,False,False,False,False,False,True,False,False,False,False,True,False,False,True,True,False,False,False,False,True
28,0,4,1,3,234,64,1,False,True,True,False,False,False,True,False,False,True,False,False,False,True,False,True,False,False,True,False,False,False,True,False
34,1,1,1,5,139,49,3,False,False,False,False,False,False,True,False,False,True,False,False,False,False,False,True,False,False,False,False,True,False,False,True
28,1,3,3,4,100,15,3,False,False,False,False,False,False,False,False,False,False,True,False,False,False,False,True,False,False,True,False,False,False,False,True
29,0,1,3,2,157,26,1,False,False,False,False,True,False,False,False,False,True,False,False,False,False,True,True,False,False,False,True,False,False,False,True
26,1,1,5,2,207,17,1,True,False,False,False,True,False,True,False,False,True,False,False,False,True,False,True,False,False,False,False,True,False,False,True
23,0,2,5,4,32,36,2,False,False,False,True,False,False,False,False,False,True,False,False,False,False,True,True,False,False,False,False,True,False,False,True
19,0,2,1,4,120,24,2,False,True,False,False,False,False,True,False,False,True,False,False,False,False,True,False,False,True,False,True,False,False,False,True
35,1,3,4,4,225,62,3,False,True,False,False,False,False,True,False,False,True,False,False,False,False,True,True,False,False,True,False,False,False,False,True
18,0,6,3,5,221,17,1,False,False,False,True,False,False,True,False,False,True,False,False,False,True,False,True,False,False,False,True,False,False,False,True
33,0,2,3,3,151,19,2,False,True,False,False,True,False,False,False,False,False,True,False,False,True,False,False,False,True,True,False,False,False,False,True
24,0,3,4,2,197,17,1,False,False,False,False,False,False,True,False,False,True,False,False,False,False,True,True,False,False,False,False,False,False,False,True
30,0,1,5,3,254,17,2,False,True,False,True,False,False,False,False,False,True,False,False,True,False,False,True,False,False,True,False,False,False,False,True
22,0,6,5,1,104,35,2,False,False,False,False,False,False,False,False,False,True,False,False,False,True,False,True,False,False,True,False,False,False,False,False
18,0,4,1,5,111,72,2,False,True,False,False,False,True,False,False,False,True,False,False,False,True,False,True,False,False,False,True,False,False,False,True
32,1,2,1,3,111,39,2,False,True,False,False,True,False,True,False,False,True,False,False,False,True,False,True,False,False,False,False,False,False,False,True
27,0,4,3,3,172,59,2,False,False,False,False,False,False,True,False,False,True,False,False,False,False,True,False,False,True,True,False,False,False,True,False
26,0,3,4,3,67,26,3,False,False,False,False,True,False,True,False,False,True,False,False,False,False,False,False,False,True,False,False,True,False,False,False
23,0,5,3,4,162,59,3,False,False,False,False,True,False,True,False,False,True,False,False,False,True,False,True,False,False,False,False,False,True,False,True
30,0,4,4,1,80,55,2,False,False,False,False,True,False,False,False,False,True,False,False,False,False,False,True,False,False,False,True,False,False,False,True
18,1,5,5,2,222,26,2,False,False,False,False,True,False,True,False,False,True,False,False,False,True,False,True,False,False,True,False,False,False,False,True
18,1,2,3,2,232,26,1,False,True,False,False,True,False,False,False,False,True,False,False,False,True,False,True,False,False,False,True,False,False,False,True
33,0,2,5,4,214,35,3,False,True,False,False,True,False,True,False,False,True,False,False,True,False,False,True,False,False,False,True,False,False,False,True
22,0,2,4,5,228,63,2,False,True,False,False,True,True,False,False,False,True,False,False,False,False,False,False,False,True,True,False,False,False,False,True
29,1,6,5,5,167,29,2,False,False,False,False,True,False,False,False,False,True,False,False,False,False,False,True,False,False,True,False,False,False,False,True
28,0,4,5,2,130,47,2,False,True,False,True,False,False,True,False,False,False,True,False,False,True,False,True,False,False,True,False,False,False,False,True
31,0,2,5,5,35,44,3,False,True,False,False,True,False,False,True,False,True,False,False,False,True,False,False,False,True,True,False,False,False,False,True
26,1,3,3,3,46,72,1,False,True,False,True,False,False,False,False,False,True,False,False,False,True,False,True,False,False,False,False,False,True,False,True
27,1,1,4,1,38,32,3,True,False,False,False,False,False,False,True,False,True,False,False,False,False,True,True,False,False,True,False,False,False,False,True
26,0,5,2,2,51,50,3,False,True,False,False,False,False,True,False,False,True,False,False,False,False,False,True,False,False,True,False,False,False,False,True
32,1,4,5,3,219,55,1,False,False,False,False,True,False,True,False,False,True,False,False,False,False,True,True,False,False,True,False,False,False,False,True
28,1,2,4,2,87,68,1,False,True,False,False,False,False,False,False,False,True,False,False,False,False,True,True,False,False,False,False,True,False,False,False
26,0,2,4,4,169,56,1,False,True,False,False,True,False,False,False,False,True,False,False,True,False,False,True,False,False,False,False,True,False,False,True
33,0,4,5,5,166,56,1,False,True,False,False,True,False,True,False,False,True,False,False,False,True,False,True,False,False,False,True,False,False,False,True
30,1,3,1,5,77,57,2,False,True,False,False,True,False,True,False,False,True,False,False,True,False,False,True,False,False,False,False,True,False,False,True
18,0,4,5,2,156,55,3,False,True,False,False,False,False,True,False,False,True,False,False,True,False,False,True,False,False,False,False,True,False,False,True
21,0,3,2,1,247,54,2,False,False,False,False,False,False,True,False,False,True,False,False,False,True,False,True,False,False,True,False,False,False,False,True
20,1,5,2,1,165,29,3,False,True,False,False,True,False,False,False,False,True,False,False,True,False,False,True,False,False,False,False,False,True,True,False
18,1,1,1,2,44,39,2,False,True,False,False,True,False,False,False,False,True,False,False,True,False,False,True,False,False,False,False,True,False,True,False
29,1,3,5,4,159,40,3,False,True,False,False,False,False,False,False,True,True,False,False,False,True,False,False,False,True,True,False,False,False,False,True
21,0,1,5,1,127,60,1,False,False,False,True,False,False,False,False,False,True,False,False,False,True,False,True,False,False,True,False,False,False,False,True
35,1,5,2,5,68,18,1,False,False,False,False,False,False,False,False,False,True,False,False,False,False,False,True,False,False,False,True,False,False,False,True
29,0,1,1,4,194,35,1,False,True,False,False,False,False,False,False,False,True,False,False,False,True,False,True,False,False,True,False,False,False,False,True
19,1,6,3,3,42,40,1,False,True,False,False,True,False,False,False,False,True,False,False,True,False,False,True,False,False,True,False,False,False,False,True
25,1,4,4,1,75,45,1,True,False,False,False,True,False,False,False,False,True,False,False,False,False,True,True,False,False,True,False,False,False,False,True
19,1,1,2,5,179,52,2,False,True,False,False,True,False,True,False,False,True,False,False,False,False,True,True,False,False,False,True,False,False,False,True
35,1,6,3,4,168,31,2,False,True,False,True,False,False,True,False,False,True,False,False,False,False,False,True,False,False,False,True,False,False,False,True
31,1,3,5,1,52,48,2,False,False,False,False,True,False,False,False,False,True,False,False,True,False,False,False,False,True,False,True,False,False,False,True
33,1,4,5,2,91,40,2,False,True,False,False,False,True,False,False,False,False,True,False,True,False,False,True,False,False,False,False,True,False,False,True
19,0,4,2,3,34,72,3,False,True,False,False,True,False,False,False,False,False,False,False,False,False,False,True,False,False,False,True,False,False,False,True
27,1,3,2,2,43,63,3,False,False,False,False,True,False,False,False,False,True,False,False,False,False,False,True,False,False,False,True,False,False,False,True
20,1,4,1,4,122,50,1,False,False,False,False,False,False,True,False,False,True,False,False,False,False,True,True,False,False,True,False,False,False,False,True
27,1,6,1,4,181,38,2,False,False,False,True,False,False,False,False,False,True,False,False,False,True,False,True,False,False,False,True,False,False,False,True
33,0,2,2,3,83,11,3,False,True,False,False,True,False,True,False,False,True,False,False,False,False,False,True,False,False,True,False,False,False,False,False
25,0,3,2,5,144,60,3,False,False,False,False,True,False,True,False,False,True,False,False,False,False,True,True,False,False,True,False,False,False,False,True
33,0,3,2,2,38,59,3,False,True,False,False,True,False,False,False,False,True,False,False,False,True,False,True,False,False,True,False,False,False,False,True
26,1,3,2,3,218,23,3,False,False,False,False,True,True,False,False,False,True,False,False,True,False,False,True,False,False,True,False,False,False,False,True
33,1,2,5,3,85,50,2,True,False,False,False,False,False,False,False,False,True,False,False,True,False,False,False,False,True,False,False,True,False,False,True
28,1,4,2,1,84,29,3,False,True,False,False,True,False,False,True,False,True,False,False,False,False,True,False,False,True,False,False,False,False,False,True
23,1,6,5,5,165,40,2,False,True,False,True,False,False,False,False,False,True,False,False,False,True,False,True,False,False,False,True,False,False,False,True
18,1,6,4,5,143,17,1,False,False,False,False,True,False,False,True,False,True,False,False,False,True,False,True,False,False,False,False,False,True,True,False
29,1,5,5,3,238,50,3,False,True,False,False,False,False,False,False,False,True,False,False,False,False,True,False,False,False,True,False,False,False,False,True
34,0,5,2,2,237,40,1,False,True,False,False,False,False,False,False,False,True,False,False,True,False,False,False,False,True,False,True,False,False,False,True
28,1,5,4,5,60,14,3,False,True,False,False,True,False,True,False,False,False,False,False,False,False,True,True,False,False,True,False,False,False,True,False
32,1,3,4,1,60,19,3,False,True,False,False,False,False,True,False,False,True,False,False,False,True,False,True,False,False,True,False,False,False,False,True
27,0,5,2,2,58,23,3,False,True,False,False,False,False,False,False,False,True,False,False,False,True,False,True,False,False,False,True,False,False,False,True
35,0,4,1,5,53,19,3,False,True,False,False,True,False,True,False,False,True,False,False,False,False,True,False,False,True,False,True,False,False,False,True
28,1,1,3,1,75,52,3,False,True,False,False,True,False,False,False,False,True,False,False,False,False,True,True,False,False,False,True,False,False,False,False
28,1,4,5,5,102,28,3,False,True,False,False,False,False,False,False,False,True,False,False,False,False,True,True,False,False,False,True,False,False,False,False
19,1,3,3,1,192,57,2,False,True,False,True,False,False,True,False,False,True,False,False,False,True,False,True,False,False,False,True,False,False,False,True
32,1,6,4,5,203,21,3,False,True,False,True,False,True,False,False,False,True,False,False,False,False,True,True,False,False,False,True,False,False,False,True
20,1,1,5,5,82,54,2,False,True,False,False,True,False,False,False,False,False,True,False,True,False,False,True,False,False,False,True,False,False,False,False
31,0,3,3,3,122,41,1,False,False,False,False,False,True,False,False,False,True,False,False,False,False,True,False,False,True,False,True,False,False,False,False
18,0,5,1,4,162,48,1,False,True,False,False,True,False,False,False,False,True,False,False,False,True,False,True,False,False,False,True,False,False,False,True
25,1,1,1,4,190,43,3,False,False,False,True,False,False,True,False,False,True,False,False,False,True,False,True,False,False,True,False,False,False,False,True
18,1,4,4,5,229,29,1,False,True,False,False,False,True,False,False,False,True,False,False,True,False,False,True,False,False,False,False,True,False,False,True
22,1,5,3,1,27,18,3,False,False,False,False,False,False,True,False,False,True,False,False,True,False,False,True,False,False,False,False,True,False,False,True
31,1,6,1,3,206,16,1,False,False,False,False,False,True,False,False,False,True,False,False,False,False,False,True,False,False,True,False,False,False,True,False
33,0,5,4,5,113,36,3,False,True,False,True,False,False,True,False,False,True,False,False,True,False,False,True,False,False,False,True,False,False,False,True
18,0,6,1,5,177,41,3,False,True,False,False,True,False,False,False,False,True,False,False,False,False,True,True,False,False,True,False,False,False,False,True
18,1,4,2,2,42,56,1,False,True,False,False,False,True,False,False,False,True,False,False,False,False,False,True,False,False,True,False,False,False,False,True
23,1,4,4,3,45,40,1,False,False,False,False,False,False,True,False,False,False,True,False,True,False,False,True,False,False,False,True,False,False,True,False
25,1,5,1,1,104,47,1,False,True,False,False,True,False,True,False,False,True,False,False,False,False,True,True,False,False,False,False,False,True,True,False
28,1,5,2,3,75,30,1,False,False,False,False,True,False,True,False,False,True,False,False,False,True,False,False,True,False,False,False,False,True,False,True
25,1,1,2,4,98,36,3,False,False,False,False,True,False,True,False,False,True,False,False,True,False,False,True,False,False,False,True,False,False,False,False
26,1,6,3,5,45,26,2,False,True,False,False,True,False,False,False,False,True,False,False,False,False,False,True,False,False,False,False,False,True,False,True
35,0,4,1,3,155,52,3,False,True,False,False,True,False,True,False,False,True,False,False,False,True,False,True,False,False,False,True,False,False,False,False
31,1,6,1,5,225,56,3,False,True,False,False,False,False,True,False,False,False,True,False,False,False,True,False,False,True,True,False,False,False,False,True
27,0,6,2,2,89,15,3,False,True,False,False,True,False,True,False,False,True,False,False,False,False,True,False,False,True,False,True,False,False,False,True
32,0,6,2,3,239,55,3,False,True,False,False,True,False,False,False,False,True,False,False,False,True,False,True,False,False,True,False,False,False,False,True
35,0,4,3,4,251,17,2,False,True,False,False,True,False,True,False,False,True,False,False,True,False,False,True,False,False,True,False,False,False,False,True
35,1,2,3,5,62,21,1,False,False,False,False,True,False,False,False,True,True,False,False,False,False,False,True,False,False,False,True,False,False,False,True
35,0,6,2,5,117,39,1,False,True,False,False,True,False,False,False,False,True,False,False,True,False,False,True,False,False,True,False,False,False,False,True
19,0,3,4,3,93,44,1,False,True,False,False,True,False,True,False,False,False,False,True,False,True,False,True,False,False,False,False,False,False,False,True
28,0,1,1,3,32,63,1,False,False,False,False,True,False,True,False,False,True,False,False,False,True,False,True,False,False,False,True,False,False,False,True
32,1,3,2,4,38,22,2,False,True,False,False,True,False,True,False,False,True,False,False,False,True,False,True,False,False,False,True,False,False,False,True
31,0,3,5,4,139,26,2,False,False,False,False,True,False,True,False,False,True,False,False,False,False,False,True,False,False,True,False,False,False,False,True
33,0,2,4,3,67,50,3,False,False,False,False,False,False,True,False,False,False,True,False,True,False,False,False,False,True,True,False,False,False,False,True
30,1,1,3,2,168,39,1,False,True,False,False,True,False,True,False,False,True,False,False,False,False,False,True,False,False,False,False,True,False,False,True
35,1,3,2,1,185,30,3,False,True,False,False,True,False,False,False,False,True,False,False,True,False,False,False,False,True,True,False,False,False,False,True
21,1,5,1,3,211,62,1,False,True,False,False,True,False,False,False,False,True,False,False,False,False,True,True,False,False,False,False,False,False,True,False
25,1,4,1,3,110,70,1,False,False,False,False,False,False,True,False,False,True,False,False,False,True,False,True,False,False,False,False,False,True,True,False
27,1,2,2,4,57,42,3,False,True,False,False,False,False,True,False,False,True,False,False,False,False,True,False,False,True,True,False,False,False,False,True
24,0,2,3,3,102,43,2,False,False,False,False,True,False,True,False,False,True,False,False,False,True,False,True,False,False,False,True,False,False,False,True
26,1,6,3,5,182,26,3,False,False,False,False,False,False,False,False,False,True,False,False,True,False,False,False,False,True,False,False,True,False,False,True
27,1,1,1,5,221,12,3,False,True,False,False,False,False,False,False,False,True,False,False,False,True,False,True,False,False,False,True,False,False,False,False
27,1,6,4,2,191,20,3,False,False,False,False,True,True,False,False,False,True,False,False,False,False,False,True,False,False,True,False,False,False,False,True
32,0,1,5,4,207,32,1,False,True,False,False,True,False,True,False,False,True,False,False,True,False,False,True,False,False,False,True,False,False,False,False
32,1,3,5,3,86,33,2,False,True,False,False,True,False,False,False,False,True,False,False,False,True,False,True,False,False,True,False,False,False,True,False
31,0,4,2,1,153,27,2,False,True,False,False,False,False,True,False,False,True,False,False,False,False,True,True,False,False,True,False,False,False,True,False
27,0,2,2,1,112,62,1,True,False,False,False,False,False,False,True,False,True,False,False,False,True,False,True,False,False,False,True,False,False,False,True
22,1,4,4,2,243,57,2,False,True,False,False,True,False,True,False,False,True,False,False,False,False,True,True,False,False,True,False,False,False,True,False
35,1,2,5,4,232,25,3,False,True,False,False,True,False,True,False,False,True,False,False,False,True,False,True,False,False,False,True,False,False,False,True
26,0,1,3,5,136,35,1,False,True,False,True,False,False,True,False,False,True,False,False,True,False,False,True,False,False,False,True,False,False,False,True
33,1,2,5,4,189,17,1,False,True,False,True,False,False,False,False,False,True,False,False,False,False,False,True,False,False,False,False,False,False,False,True
20,1,5,4,1,186,49,1,False,False,False,False,False,True,False,False,False,True,False,False,False,True,False,True,False,False,False,True,False,False,False,True
22,1,5,2,5,185,19,1,False,False,False,False,True,False,False,False,False,False,True,False,False,False,True,True,False,False,False,False,True,False,False,True
35,1,3,2,1,227,17,1,False,True,False,True,False,False,False,False,False,True,False,False,False,False,True,True,False,False,False,False,True,False,True,False
29,1,6,5,2,181,42,1,False,True,False,False,False,False,False,True,False,True,False,False,False,True,False,True,False,False,False,True,False,False,False,False
30,0,4,5,5,42,45,3,False,True,False,False,True,False,False,False,False,True,False,False,False,False,True,False,False,True,False,True,False,False,False,True
22,1,2,4,5,233,69,1,True,False,False,False,False,False,False,False,False,True,False,False,True,False,False,True,False,False,False,True,False,False,False,True
25,1,5,3,4,72,22,1,False,True,False,False,False,False,False,False,False,True,False,False,False,False,False,True,False,False,True,False,False,False,True,False
23,0,6,4,4,91,19,2,False,True,False,False,False,False,False,False,False,True,False,False,False,False,True,True,False,False,False,True,False,False,False,True
28,1,2,1,1,253,42,2,False,True,False,False,False,False,False,False,False,True,False,False,True,False,False,True,False,False,False,False,True,False,False,True
21,1,6,2,3,117,59,3,False,True,False,False,False,False,True,False,False,True,False,False,False,False,True,True,False,False,False,False,False,False,False,True
29,0,3,3,3,181,39,2,False,False,False,False,True,False,False,False,False,True,False,False,False,False,False,True,False,False,False,True,False,False,False,True
23,1,5,4,4,121,28,1,False,True,False,False,True,True,False,False,False,True,False,False,False,True,False,False,False,True,False,False,False,False,False,True
23,0,6,2,4,148,15,3,False,True,False,False,False,False,True,False,False,True,False,False,False,True,False,False,False,True,False,True,False,False,False,True
26,0,1,4,5,156,31,2,False,True,False,False,True,False,True,False,False,True,False,False,False,False,False,True,False,False,False,True,False,False,False,False
23,0,3,2,5,126,21,3,False,True,False,False,False,False,False,False,False,True,False,False,False,True,False,True,False,False,True,False,False,False,False,True
27,0,4,5,2,152,45,3,False,True,True,False,False,False,True,False,False,True,False,False,False,True,False,True,False,False,True,False,False,False,False,True
35,0,5,4,5,65,19,3,False,False,False,False,True,False,False,False,False,True,False,False,False,False,True,True,False,False,False,True,False,False,False,True
28,0,2,5,1,253,17,3,False,False,False,True,False,False,False,False,False,True,False,False,True,False,False,True,False,False,False,False,False,True,False,True
29,1,3,2,1,232,33,3,False,False,False,False,True,False,False,False,False,True,False,False,False,True,False,True,False,False,False,True,False,False,False,True
28,1,5,4,5,99,42,2,False,True,False,False,True,False,False,False,False,True,False,False,False,False,True,True,False,False,False,False,False,False,False,True
30,1,4,5,5,197,21,1,False,False,False,False,True,False,False,False,False,True,False,False,False,True,False,True,False,False,False,True,False,False,True,False
18,1,6,1,2,248,35,2,False,True,False,False,False,False,True,False,False,True,False,False,False,False,True,True,False,False,False,True,False,False,False,True
23,1,5,2,4,32,64,3,False,False,False,False,True,False,True,False,False,True,False,False,False,True,False,False,False,True,False,True,False,False,True,False
28,0,1,5,2,78,66,1,False,False,False,False,False,False,True,False,False,True,False,False,False,True,False,True,False,False,False,True,False,False,True,False
26,1,3,2,4,189,47,1,False,True,False,False,True,False,False,False,False,True,False,False,False,False,True,True,False,False,True,False,False,False,False,True
32,0,4,1,1,33,47,1,False,False,False,False,True,False,True,False,False,True,False,False,False,True,False,True,False,False,True,False,False,False,False,True
18,0,2,1,3,231,17,1,False,False,False,False,False,False,False,True,False,True,False,False,False,False,False,True,False,False,False,False,True,False,False,True
22,0,5,2,4,211,59,3,False,True,False,False,True,False,False,False,False,True,False,False,False,True,False,True,False,False,True,False,False,False,True,False
30,0,3,1,1,170,22,1,False,True,False,False,False,False,True,False,False,True,False,False,False,False,True,False,False,True,True,False,False,False,False,True
23,1,4,1,1,217,31,2,False,True,False,False,False,False,False,False,False,True,False,False,False,True,False,True,False,False,False,False,False,True,False,True
26,1,2,1,1,149,39,2,False,True,False,False,True,False,True,False,False,False,False,False,False,True,False,True,False,False,False,False,False,False,False,False
20,0,6,5,1,226,59,1,False,True,False,True,False,True,False,False,False,True,False,False,False,False,False,True,False,False,False,False,True,False,False,True
21,1,5,4,1,189,21,2,False,True,False,False,True,False,False,False,False,True,False,False,False,False,True,True,False,False,True,False,False,False,False,True
35,1,3,5,2,210,41,3,False,True,False,False,True,False,False,False,False,True,False,False,False,False,True,True,False,False,False,True,False,False,False,True
27,1,4,4,5,95,45,1,False,True,False,True,False,False,True,False,False,True,False,False,False,True,False,True,False,False,True,False,False,False,True,False
34,1,6,3,4,49,55,1,False,False,False,True,False,False,True,False,False,True,False,False,False,False,True,False,False,True,True,False,False,False,False,True
32,1,6,5,5,111,34,1,False,True,False,False,False,False,False,False,False,True,False,False,False,False,False,True,False,False,True,False,False,False,True,False
22,0,2,5,3,240,42,2,False,False,False,False,False,False,True,False,False,True,False,False,False,False,False,True,False,False,True,False,False,False,False,True
31,1,3,3,2,72,20,3,False,False,False,False,False,False,False,False,False,True,False,False,False,False,False,False,False,True,False,False,True,False,False,True
34,1,1,4,5,196,32,2,False,False,False,False,True,False,True,False,False,True,False,False,False,True,False,True,False,False,False,False,False,False,False,True
29,0,2,5,1,164,43,3,False,True,False,True,False,False,True,False,False,True,False,False,False,False,False,True,False,False,True,False,False,False,False,True
22,0,3,2,2,87,38,1,False,True,False,False,True,False,False,False,False,True,False,False,False,False,True,True,False,False,False,True,False,False,False,True
35,0,4,3,4,93,40,2,False,True,False,False,False,False,False,False,False,True,False,False,False,True,False,False,False,True,False,True,False,False,False,True
32,1,1,1,4,249,63,3,False,True,False,True,False,False,False,True,False,True,False,False,True,False,False,True,False,False,False,True,False,False,False,True
35,0,6,2,1,45,28,1,False,True,False,False,True,False,True,False,False,True,False,False,True,False,False,True,False,False,True,False,False,False,False,True
34,1,5,4,3,100,23,3,False,False,False,False,False,False,False,False,False,True,False,False,False,True,False,True,False,False,True,False,False,False,False,False
31,0,5,3,1,111,17,2,False,True,False,False,True,False,True,False,False,True,False,False,False,True,False,True,False,False,False,False,False,False,False,True
35,1,4,3,4,54,27,3,False,True,False,False,True,False,False,False,False,True,False,False,True,False,False,True,False,False,False,True,False,False,False,True
35,0,2,2,2,135,21,3,False,True,False,False,True,False,False,False,False,True,False,False,False,True,False,True,False,False,False,False,False,False,True,False
35,1,1,5,3,170,26,3,False,True,True,False,False,False,False,False,False,True,False,False,False,True,False,True,False,False,True,False,False,False,False,True
28,0,3,4,2,126,35,3,False,False,False,False,True,True,False,False,False,True,False,False,False,True,False,True,False,False,False,True,False,False,False,True
35,0,2,3,5,97,30,1,False,True,False,False,True,False,True,False,False,True,False,False,False,True,False,True,False,False,False,True,False,False,False,True
